code,name,group,start_date,end_date,trading_days,latest_premium_pct,avg_premium_pct,avg_amount_wan
159501,纳指ETF嘉实,nasdaq100,2025-01-02,2026-09-28,422,14.9712,4.5436,20997.91
159509,纳指科技ETF景顺,nasdaq100,2025-01-02,2026-09-28,422,29.173,13.2559,94389.98
159513,纳斯达克100ETF大成,nasdaq100,2025-01-02,2026-09-28,422,7.8472,3.6292,13256.3
159632,纳斯达克ETF华安,nasdaq100,2025-01-02,2026-09-28,422,8.5118,3.6895,26566.09
159659,纳斯达克100ETF招商,nasdaq100,2025-01-02,2026-09-28,422,8.8644,3.6237,28959.79
159660,纳指ETF汇添富,nasdaq100,2025-01-02,2026-09-28,422,8.2191,4.4123,13051.0
159696,纳指ETF易方达,nasdaq100,2025-01-02,2026-09-28,422,9.3996,3.9799,10032.51
159941,纳指ETF广发,nasdaq100,2025-01-02,2026-09-28,422,10.6189,4.8125,119470.86
513100,纳指ETF国泰,nasdaq100,2025-01-02,2026-09-28,422,12.4012,5.2973,68785.38
513110,纳指ETF华泰柏瑞,nasdaq100,2025-01-02,2026-09-28,422,8.2792,3.4399,19312.49
513300,纳斯达克ETF华夏,nasdaq100,2025-01-02,2026-09-28,422,8.8203,4.0119,50799.08
513390,纳指100ETF博时,nasdaq100,2025-01-02,2026-09-28,422,8.3782,4.4855,12348.13
513870,纳指ETF富国,nasdaq100,2025-01-02,2026-09-28,422,8.5331,3.6478,11658.05
513500,标普500ETF博时,sp500,2025-01-02,2026-09-28,422,9.0835,4.2233,36366.76
159612,标普500ETF国泰,sp500,2025-01-02,2026-09-28,420,7.0355,7.5607,30731.43
513650,标普500ETF南方,sp500,2025-01-02,2026-09-28,422,6.3841,2.7419,17441.67
159655,标普500ETF华夏,sp500,2025-01-02,2026-09-28,422,6.3864,2.6931,19526.01
161128,标普信息科技LOF,nasdaq100,2025-01-02,2026-09-28,422,5.2556,2.1727,9637.66
